{"cameraMode":{"drawMode":0,"name":"Shaded","section":"Shading Mode"},"sceneLighting":false,"audioPlay":false,"sceneViewState":{"showFog":true,"showMaterialUpdate":false,"showSkybox":false,"showFlares":true,"showImageEffects":true,"showParticleSystems":true},"in2DMode":false,"pivot":{"x":-0.47507476806640627,"y":-0.716064453125,"z":89.6396484375},"rotation":{"x":-0.01799875684082508,"y":-0.005998988635838032,"z":-0.00010799924348248169,"w":0.9998204708099365},"size":66.24640655517578,"orthographic":true}